{
	"info": {
		"_postman_id": "fda67660-7927-4e1e-8a40-7707bc5fdf3c",
		"name": "angle-ace",
		"schema": "https://schema.getpostman.com/json/collection/v2.0.0/collection.json",
		"_exporter_id": "10795139"
	},
	"item": [
		{
			"name": "signup",
			"request": {
				"auth": {
					"type": "noauth"
				},
				"method": "POST",
				"header": [],
				"body": {
					"mode": "raw",
					"raw": "{\r\n    \"email\" : \"test@gmail.com\",\r\n    \"password\": \"1234\",\r\n    \"address\":\"test\",\r\n    \"firstname\" : \"test\",\r\n    \"lastname\" : \"test\",\r\n    \"phone\" : \"0812345687\"\r\n}",
					"options": {
						"raw": {
							"language": "json"
						}
					}
				},
				"url": "http://localhost:8080/api/signup"
			},
			"response": []
		},
		{
			"name": "login",
			"request": {
				"method": "POST",
				"header": [],
				"body": {
					"mode": "raw",
					"raw": "{\r\n    \"email\" : \"test@gmail.com\",\r\n    \"password\": \"1234\"\r\n}",
					"options": {
						"raw": {
							"language": "json"
						}
					}
				},
				"url": "http://localhost:8080/api/login"
			},
			"response": []
		},
		{
			"name": "get-products",
			"protocolProfileBehavior": {
				"disableBodyPruning": true
			},
			"request": {
				"method": "GET",
				"header": [],
				"body": {
					"mode": "raw",
					"raw": ""
				},
				"url": {
					"raw": "http://localhost:8080/api/products?name=เสื้อคอกลม&manufacturer=BrandC&type=เสื้อ",
					"protocol": "http",
					"host": [
						"localhost"
					],
					"port": "8080",
					"path": [
						"api",
						"products"
					],
					"query": [
						{
							"key": "name",
							"value": "เสื้อคอกลม"
						},
						{
							"key": "manufacturer",
							"value": "BrandC"
						},
						{
							"key": "type",
							"value": "เสื้อ"
						}
					]
				}
			},
			"response": []
		},
		{
			"name": "create-product",
			"request": {
				"method": "POST",
				"header": [],
				"body": {
					"mode": "formdata",
					"formdata": [
						{
							"key": "file",
							"type": "file",
							"src": "/C:/Users/USER/Pictures/Screenshots/Screenshot 2023-03-22 105931.png"
						},
						{
							"key": "code",
							"value": "001",
							"type": "text"
						},
						{
							"key": "type",
							"value": "เสื้อ",
							"type": "text"
						},
						{
							"key": "manufacturer",
							"value": "BrandC",
							"type": "text"
						},
						{
							"key": "detail",
							"value": "test",
							"type": "text"
						},
						{
							"key": "name",
							"value": "เสื้อคอกลม",
							"type": "text"
						}
					]
				},
				"url": "http://localhost:8080/api/product"
			},
			"response": []
		},
		{
			"name": "create-product-order",
			"request": {
				"method": "POST",
				"header": [],
				"body": {
					"mode": "raw",
					"raw": "[\r\n    {\r\n        \"product_id\": 1,\r\n        \"amountS\": 10,\r\n        \"amountM\": 10,\r\n        \"amountL\": 10,\r\n        \"amountXL\": 10,\r\n        \"cost\": 10,\r\n        \"sellPrice\": 100\r\n    }\r\n]",
					"options": {
						"raw": {
							"language": "json"
						}
					}
				},
				"url": "http://localhost:8080/api/product-order"
			},
			"response": []
		},
		{
			"name": "get-detail",
			"request": {
				"method": "GET",
				"header": [],
				"url": "http://localhost:8080/api/product/1"
			},
			"response": []
		},
		{
			"name": "create-customer-order",
			"request": {
				"method": "POST",
				"header": [],
				"body": {
					"mode": "raw",
					"raw": "{\r\n    \"amount\" : 3,\r\n    \"size\" : \"s\"\r\n}",
					"options": {
						"raw": {
							"language": "json"
						}
					}
				},
				"url": "http://localhost:8080/api/customer-order/1"
			},
			"response": []
		},
		{
			"name": "edit-product",
			"request": {
				"method": "POST",
				"header": [],
				"body": {
					"mode": "formdata",
					"formdata": [
						{
							"key": "file",
							"type": "file",
							"src": "/C:/Users/Asus/Downloads/im.jpg"
						},
						{
							"key": "detail",
							"value": "test",
							"type": "text"
						},
						{
							"key": "sellPrice",
							"value": "50",
							"type": "text"
						},
						{
							"key": "cost",
							"value": "20",
							"type": "text"
						}
					]
				},
				"url": "http://localhost:8080/api/product/1"
			},
			"response": []
		},
		{
			"name": "profit-summary",
			"request": {
				"method": "GET",
				"header": [],
				"url": {
					"raw": "http://localhost:8080/api/profit-summary?startDate=2023-11-06&endDate=2023-11-10",
					"protocol": "http",
					"host": [
						"localhost"
					],
					"port": "8080",
					"path": [
						"api",
						"profit-summary"
					],
					"query": [
						{
							"key": "startDate",
							"value": "2023-11-06"
						},
						{
							"key": "endDate",
							"value": "2023-11-10"
						}
					]
				}
			},
			"response": []
		}
	]
}